Workbook

Sheet datos_iris
A1: Datos originales Iris (iris.data.csv)
A3: id | B3: sepal_length | C3: sepal_width | D3: petal_length | E3: petal_width | F3: species
A4: 1 | B4: 5.1 | C4: 3.5 | D4: 1.4 | E4: 0.2 | F4: Iris-setosa
A5: 2 | B5: 4.9 | C5: 3 | D5: 1.4 | E5: 0.2 | F5: Iris-setosa
A6: 3 | B6: 4.7 | C6: 3.2 | D6: 1.3 | E6: 0.2 | F6: Iris-setosa
A7: 4 | B7: 4.6 | C7: 3.1 | D7: 1.5 | E7: 0.2 | F7: Iris-setosa
A8: 5 | B8: 5 | C8: 3.6 | D8: 1.4 | E8: 0.2 | F8: Iris-setosa
A9: 6 | B9: 5.4 | C9: 3.9 | D9: 1.7 | E9: 0.4 | F9: Iris-setosa
A10: 7 | B10: 4.6 | C10: 3.4 | D10: 1.4 | E10: 0.3 | F10: Iris-setosa
A11: 8 | B11: 5 | C11: 3.4 | D11: 1.5 | E11: 0.2 | F11: Iris-setosa
A12: 9 | B12: 4.4 | C12: 2.9 | D12: 1.4 | E12: 0.2 | F12: Iris-setosa
A13: 10 | B13: 4.9 | C13: 3.1 | D13: 1.5 | E13: 0.1 | F13: Iris-setosa
A14: 11 | B14: 5.4 | C14: 3.7 | D14: 1.5 | E14: 0.2 | F14: Iris-setosa
A15: 12 | B15: 4.8 | C15: 3.4 | D15: 1.6 | E15: 0.2 | F15: Iris-setosa
... A153: 150 | B153: 5.9 | C153: 3 | D153: 5.1 | E153: 1.8 | F153: Iris-virginica

Sheet datos_discretizados
A1: Datos Iris discretizados (chico/mediano/grande) - base para ID3 y Naive Bayes
A3: id | B3: sepall | C3: sepalw | D3: petall | E3: petalw | F3: clase
A4: 1 | B4: chico | C4: chico | D4: chico | E4: chico | F4: Iris-setosa
A5: 2 | B5: chico | C5: chico | D5: chico | E5: chico | F5: Iris-setosa
A6: 3 | B6: chico | C6: grande | D6: chico | E6: chico | F6: Iris-setosa
A7: 4 | B7: chico | C7: grande | D7: chico | E7: chico | F7: Iris-setosa
A8: 5 | B8: chico | C8: grande | D8: chico | E8: chico | F8: Iris-setosa
A9: 6 | B9: chico | C9: grande | D9: chico | E9: chico | F9: Iris-setosa
A10: 7 | B10: chico | C10: grande | D10: chico | E10: chico | F10: Iris-setosa
A11: 8 | B11: chico | C11: grande | D11: chico | E11: chico | F11: Iris-setosa
A12: 9 | B12: chico | C12: grande | D12: chico | E12: chico | F12: Iris-setosa
A13: 10 | B13: chico | C13: grande | D13: chico | E13: chico | F13: Iris-setosa
A14: 11 | B14: chico | C14: grande | D14: chico | E14: chico | F14: Iris-setosa
A15: 12 | B15: chico | C15: grande | D15: chico | E15: chico | F15: Iris-setosa
... A153: 150 | B153: mediano | C153: mediano | D153: mediano | E153: mediano | F153: Iris-versicolor

Sheet arbol_ID3
A1: Arbol de decision ID3 (entropia / ganancia de informacion, sin poda)
A2: Atributo raiz elegido por mayor ganancia de informacion: petalw
A4: [petalw] (ganancia=1.3187, n=150)
A5: petalw = chico:
A6: -> Iris-setosa (n=50)
A7: petalw = mediano:
A8: [petall] (ganancia=0.2361, n=48)
A9: petall = chico:
A10: -> Iris-versicolor (n=1)
A11: petall = mediano:
A12: -> Iris-versicolor (n=42)
A13: petall = grande:
... A58: -> Iris-virginica (n=7)

Sheet clasificacion_ID3
A1: Clasificacion ID3 sobre las 150 instancias (entrenamiento = prueba, dataset completo)
A3: id | B3: sepall | C3: sepalw | D3: petall | E3: petalw | F3: clase_real | G3: clase_predicha_ID3 | H3: correcto
A4: 1 | B4: chico | C4: chico | D4: chico | E4: chico | F4: Iris-setosa | G4: Iris-setosa | H4: =IF(F4=G4,1,0) -> 1
A5: 2 | B5: chico | C5: chico | D5: chico | E5: chico | F5: Iris-setosa | G5: Iris-setosa | H5: =IF(F5=G5,1,0) -> 1
A6: 3 | B6: chico | C6: grande | D6: chico | E6: chico | F6: Iris-setosa | G6: Iris-setosa | H6: =IF(F6=G6,1,0) -> 1
A7: 4 | B7: chico | C7: grande | D7: chico | E7: chico | F7: Iris-setosa | G7: Iris-setosa | H7: =IF(F7=G7,1,0) -> 1
A8: 5 | B8: chico | C8: grande | D8: chico | E8: chico | F8: Iris-setosa | G8: Iris-setosa | H8: =IF(F8=G8,1,0) -> 1
A9: 6 | B9: chico | C9: grande | D9: chico | E9: chico | F9: Iris-setosa | G9: Iris-setosa | H9: =IF(F9=G9,1,0) -> 1
A10: 7 | B10: chico | C10: grande | D10: chico | E10: chico | F10: Iris-setosa | G10: Iris-setosa | H10: =IF(F10=G10,1,0) -> 1
A11: 8 | B11: chico | C11: grande | D11: chico | E11: chico | F11: Iris-setosa | G11: Iris-setosa | H11: =IF(F11=G11,1,0) -> 1
A12: 9 | B12: chico | C12: grande | D12: chico | E12: chico | F12: Iris-setosa | G12: Iris-setosa | H12: =IF(F12=G12,1,0) -> 1
A13: 10 | B13: chico | C13: grande | D13: chico | E13: chico | F13: Iris-setosa | G13: Iris-setosa | H13: =IF(F13=G13,1,0) -> 1
A14: 11 | B14: chico | C14: grande | D14: chico | E14: chico | F14: Iris-setosa | G14: Iris-setosa | H14: =IF(F14=G14,1,0) -> 1
A15: 12 | B15: chico | C15: grande | D15: chico | E15: chico | F15: Iris-setosa | G15: Iris-setosa | H15: =IF(F15=G15,1,0) -> 1
... A153: 150 | B153: mediano | C153: mediano | D153: mediano | E153: mediano | F153: Iris-versicolor | G153: Iris-versicolor | H153: =IF(F153=G153,1,0) -> 1

Sheet matriz_confusion_ID3
A1: Matriz de confusion ID3 (filas = predicho, columnas = real) - 150 instancias
A3: predicho \ real | B3: setosa | C3: versicolor | D3: virginica
A4: setosa | B4: =COUNTIFS(clasificacion_ID3!$F$4:$F$153,"Iris-setosa",clasificacion_ID3!$G$4:$G$153,"Iris-setosa") -> 50 | C4: =COUNTIFS(clasificacion_ID3!$F$4:$F$153,"Iris-versicolor",clasificacion_ID3!$G$4:$G$153,"Iris-setosa") -> 0 | D4: =COUNTIFS(clasificacion_ID3!$F$4:$F$153,"Iris-virginica",clasificacion_ID3!$G$4:$G$153,"Iris-setosa") -> 0
A5: versicolor | B5: =COUNTIFS(clasificacion_ID3!$F$4:$F$153,"Iris-setosa",clasificacion_ID3!$G$4:$G$153,"Iris-versicolor") -> 0 | C5: =COUNTIFS(clasificacion_ID3!$F$4:$F$153,"Iris-versicolor",clasificacion_ID3!$G$4:$G$153,"Iris-versicolor") -> 48 | D5: =COUNTIFS(clasificacion_ID3!$F$4:$F$153,"Iris-virginica",clasificacion_ID3!$G$4:$G$153,"Iris-versicolor") -> 2
A6: virginica | B6: =COUNTIFS(clasificacion_ID3!$F$4:$F$153,"Iris-setosa",clasificacion_ID3!$G$4:$G$153,"Iris-virginica") -> 0 | C6: =COUNTIFS(clasificacion_ID3!$F$4:$F$153,"Iris-versicolor",clasificacion_ID3!$G$4:$G$153,"Iris-virginica") -> 2 | D6: =COUNTIFS(clasificacion_ID3!$F$4:$F$153,"Iris-virginica",clasificacion_ID3!$G$4:$G$153,"Iris-virginica") -> 48
A8: Accuracy (aciertos/total) | B8: =(B4+C5+D6)/SUM(B4:D6) -> 0.97333333

Sheet muestra_NB_20
A1: Clasificacion Naive Bayes manual sobre muestra aleatoria de 20 instancias (semilla=42)
A3: id | B3: sepall | C3: sepalw | D3: petall | E3: petalw | F3: clase_real | G3: clase_predicha_NB | H3: correcto
A4: 1 | B4: chico | C4: grande | D4: chico | E4: chico | F4: Iris-setosa | G4: Iris-setosa | H4: =IF(F4=G4,1,0) -> 1
A5: 2 | B5: chico | C5: grande | D5: chico | E5: chico | F5: Iris-setosa | G5: Iris-setosa | H5: =IF(F5=G5,1,0) -> 1
A6: 3 | B6: grande | C6: grande | D6: mediano | E6: grande | F6: Iris-versicolor | G6: Iris-virginica | H6: =IF(F6=G6,1,0) -> 0
A7: 4 | B7: grande | C7: chico | D7: grande | E7: grande | F7: Iris-virginica | G7: Iris-virginica | H7: =IF(F7=G7,1,0) -> 1
A8: 5 | B8: grande | C8: chico | D8: grande | E8: grande | F8: Iris-virginica | G8: Iris-virginica | H8: =IF(F8=G8,1,0) -> 1
A9: 6 | B9: chico | C9: mediano | D9: chico | E9: chico | F9: Iris-setosa | G9: Iris-setosa | H9: =IF(F9=G9,1,0) -> 1
A10: 7 | B10: chico | C10: grande | D10: chico | E10: chico | F10: Iris-setosa | G10: Iris-setosa | H10: =IF(F10=G10,1,0) -> 1
A11: 8 | B11: mediano | C11: chico | D11: mediano | E11: mediano | F11: Iris-versicolor | G11: Iris-versicolor | H11: =IF(F11=G11,1,0) -> 1
A12: 9 | B12: chico | C12: grande | D12: chico | E12: chico | F12: Iris-setosa | G12: Iris-setosa | H12: =IF(F12=G12,1,0) -> 1
A13: 10 | B13: mediano | C13: chico | D13: grande | E13: grande | F13: Iris-versicolor | G13: Iris-virginica | H13: =IF(F13=G13,1,0) -> 0
A14: 11 | B14: chico | C14: grande | D14: chico | E14: chico | F14: Iris-setosa | G14: Iris-setosa | H14: =IF(F14=G14,1,0) -> 1
A15: 12 | B15: chico | C15: grande | D15: chico | E15: chico | F15: Iris-setosa | G15: Iris-setosa | H15: =IF(F15=G15,1,0) -> 1
... A23: 20 | B23: grande | C23: chico | D23: grande | E23: grande | F23: Iris-virginica | G23: Iris-virginica | H23: =IF(F23=G23,1,0) -> 1

Sheet matriz_confusion_NB
A1: Matriz de confusion Naive Bayes manual (filas = predicho, columnas = real) - muestra de 20
A3: predicho \ real | B3: setosa | C3: versicolor | D3: virginica
A4: setosa | B4: =COUNTIFS(muestra_NB_20!$F$4:$F$23,"Iris-setosa",muestra_NB_20!$G$4:$G$23,"Iris-setosa") -> 9 | C4: =COUNTIFS(muestra_NB_20!$F$4:$F$23,"Iris-versicolor",muestra_NB_20!$G$4:$G$23,"Iris-setosa") -> 0 | D4: =COUNTIFS(muestra_NB_20!$F$4:$F$23,"Iris-virginica",muestra_NB_20!$G$4:$G$23,"Iris-setosa") -> 0
A5: versicolor | B5: =COUNTIFS(muestra_NB_20!$F$4:$F$23,"Iris-setosa",muestra_NB_20!$G$4:$G$23,"Iris-versicolor") -> 0 | C5: =COUNTIFS(muestra_NB_20!$F$4:$F$23,"Iris-versicolor",muestra_NB_20!$G$4:$G$23,"Iris-versicolor") -> 4 | D5: =COUNTIFS(muestra_NB_20!$F$4:$F$23,"Iris-virginica",muestra_NB_20!$G$4:$G$23,"Iris-versicolor") -> 0
A6: virginica | B6: =COUNTIFS(muestra_NB_20!$F$4:$F$23,"Iris-setosa",muestra_NB_20!$G$4:$G$23,"Iris-virginica") -> 0 | C6: =COUNTIFS(muestra_NB_20!$F$4:$F$23,"Iris-versicolor",muestra_NB_20!$G$4:$G$23,"Iris-virginica") -> 2 | D6: =COUNTIFS(muestra_NB_20!$F$4:$F$23,"Iris-virginica",muestra_NB_20!$G$4:$G$23,"Iris-virginica") -> 5
A8: Accuracy (aciertos/total) | B8: =(B4+C5+D6)/SUM(B4:D6) -> 0.9
